{"cameraMode":{"drawMode":0,"name":"Shaded","section":"Shading Mode"},"sceneLighting":false,"audioPlay":false,"sceneViewState":{"m_AlwaysRefresh":false,"showFog":true,"showSkybox":false,"showFlares":true,"showImageEffects":true,"showParticleSystems":true,"showVisualEffectGraphs":true,"m_FxEnabled":true},"in2DMode":false,"pivot":{"x":200.18434143066407,"y":1885.8712158203125,"z":-400.32928466796877},"rotation":{"x":0.03170203045010567,"y":-0.9671796560287476,"z":0.1530066728591919,"w":0.20038644969463349},"size":1.4422292709350587,"orthographic":true}