{"cameraMode":{"drawMode":0,"name":"Shaded","section":"Shading Mode"},"sceneLighting":false,"audioPlay":false,"sceneViewState":{"m_AlwaysRefresh":false,"showFog":true,"showSkybox":false,"showFlares":true,"showImageEffects":true,"showParticleSystems":true,"showVisualEffectGraphs":true,"m_FxEnabled":true},"in2DMode":false,"pivot":{"x":13.723244667053223,"y":-37.313865661621097,"z":-1.299443244934082},"rotation":{"x":0.03170203045010567,"y":-0.9671796560287476,"z":0.1530066728591919,"w":0.20038644969463349},"size":1.7755200862884522,"orthographic":true}