{"cameraMode":{"drawMode":0,"name":"Shaded","section":"Shading Mode"},"sceneLighting":false,"audioPlay":false,"sceneViewState":{"m_AlwaysRefresh":false,"showFog":true,"showSkybox":false,"showFlares":true,"showImageEffects":true,"showParticleSystems":true,"showVisualEffectGraphs":true,"m_FxEnabled":true},"in2DMode":false,"pivot":{"x":0.04381978511810303,"y":0.5203207731246948,"z":0.032818615436553958},"rotation":{"x":0.07759566605091095,"y":-0.8928132057189941,"z":0.16883577406406403,"w":0.41032323241233828},"size":1.1978400945663453,"orthographic":true}