{"cameraMode":{"drawMode":0,"name":"Shaded","section":"Shading Mode"},"sceneLighting":false,"audioPlay":false,"sceneViewState":{"m_AlwaysRefresh":false,"showFog":true,"showSkybox":false,"showFlares":true,"showImageEffects":true,"showParticleSystems":true,"showVisualEffectGraphs":true,"m_FxEnabled":true},"in2DMode":false,"pivot":{"x":200.29434204101563,"y":1885.9112548828125,"z":-400.32928466796877},"rotation":{"x":0.11722792685031891,"y":-0.880010187625885,"z":0.28616559505462649,"w":0.3604944944381714},"size":1.2371500730514527,"orthographic":true}